Cycle\Fluorescence	A1 SYBR Green I	A2 SYBR Green I	A3 SYBR Green I	A4 SYBR Green I	A5 SYBR Green I	A6 SYBR Green I	A7 SYBR Green I	A8 SYBR Green I	A9 SYBR Green I	A10 SYBR Green I	A11 SYBR Green I	A12 SYBR Green I	B1 SYBR Green I	B2 SYBR Green I	B3 SYBR Green I	B4 SYBR Green I	B5 SYBR Green I	B6 SYBR Green I	B7 SYBR Green I	B8 SYBR Green I	B9 SYBR Green I	B10 SYBR Green I	B11 SYBR Green I	B12 SYBR Green I	C1 SYBR Green I	C2 SYBR Green I	C3 SYBR Green I	C4 SYBR Green I	C5 SYBR Green I	C6 SYBR Green I	C7 SYBR Green I	C8 SYBR Green I	C9 SYBR Green I	C10 SYBR Green I	C11 SYBR Green I	C12 SYBR Green I	D1 SYBR Green I	D2 SYBR Green I	D3 SYBR Green I	D4 SYBR Green I	D5 SYBR Green I	D6 SYBR Green I	D7 SYBR Green I	D8 SYBR Green I	D9 SYBR Green I	D10 SYBR Green I	D11 SYBR Green I	D12 SYBR Green I	E1 SYBR Green I	E2 SYBR Green I	E3 SYBR Green I	E4 SYBR Green I	E5 SYBR Green I	E6 SYBR Green I	E7 SYBR Green I	E8 SYBR Green I	E9 SYBR Green I	E10 SYBR Green I	E11 SYBR Green I	E12 SYBR Green I	F1 SYBR Green I	F2 SYBR Green I	F3 SYBR Green I	F4 SYBR Green I	F5 SYBR Green I	F6 SYBR Green I	F7 SYBR Green I	F8 SYBR Green I	F9 SYBR Green I	F10 SYBR Green I	F11 SYBR Green I	F12 SYBR Green I	G1 SYBR Green I	G2 SYBR Green I	G3 SYBR Green I	G4 SYBR Green I	G5 SYBR Green I	G6 SYBR Green I	G7 SYBR Green I	G8 SYBR Green I	G9 SYBR Green I	G10 SYBR Green I	G11 SYBR Green I	G12 SYBR Green I	H1 SYBR Green I	H2 SYBR Green I	H3 SYBR Green I	H4 SYBR Green I	H5 SYBR Green I	H6 SYBR Green I	H7 SYBR Green I	H8 SYBR Green I	H9 SYBR Green I	H10 SYBR Green I	H11 SYBR Green I	H12 SYBR Green I
1	0,017032	0,0161104	0,0178339	0,0193363	0,0331508	0,0179179	0,0188273	0,0328516	0,0351327	0,021983	0,0222359	0,0255073	0,0173813	0,0176692	0,0216716	0,0201142	0,0321852	0,022522	0,0295114	0,0230724	0,0369542	0,0221442	0,024991	0,0286094	0,0214612	0,02022	0,0173366	0,0176805	0,0315116	0,0270237	0,021195	0,0197457	0,0374225	0,0232928	0,0225398	0,0252288	0,019615	0,0168245	0,0163746	0,0171101	0,0406809	0,0200667	0,0191911	0,0188119	0,0401202	0,023863	0,0223191	0,0222022	0,0181734	0,0170244	0,0168298	0,0166293	0,0210595	0,0173161	0,0311592	0,0223101	0,0243796	0,0213271	0,0322337	0,0220567	0,0190122	0,0183272	0,0163127	0,0153704	0,0187208	0,0195578	0,0321256	0,0215696	0,0249599	0,023497	0,0356932	0,0264409	0,0171188	0,0178449	0,0179484	0,0175686	0,0234288	0,0233209	0,0198223	0,022639	0,0267176	0,0277569	0,0277764	0,02483	0,0213882	0,0195855	0,0228374	0,0204755	0,0254098	0,0249073	0,0194981	0,0206573	0,0303219	0,0282813	0,0271942	0,0255976
2	0,0169813	0,0161099	0,0178451	0,0195265	0,033636	0,0180017	0,0189486	0,0326857	0,0355657	0,0220608	0,0224602	0,0256635	0,0175601	0,0178712	0,0216745	0,0203748	0,0325098	0,0228737	0,0299702	0,023385	0,0373629	0,0222936	0,0251085	0,0287161	0,0216428	0,0203072	0,0174267	0,0177325	0,0320059	0,0273568	0,0214715	0,0198164	0,0376611	0,0234163	0,02259	0,025309	0,0195827	0,0168504	0,0163584	0,0171657	0,0411993	0,0199681	0,0194971	0,0191153	0,0404116	0,0239822	0,0224254	0,0222625	0,0181229	0,0172606	0,0170461	0,0167345	0,021114	0,0175131	0,0313051	0,0227396	0,0247691	0,0216457	0,0324839	0,0220289	0,0189423	0,0183985	0,0164316	0,0154386	0,0188795	0,0198768	0,0321349	0,0218187	0,0251242	0,0236312	0,0355699	0,0268336	0,0172305	0,017802	0,0178784	0,0174092	0,0233824	0,0234316	0,0199734	0,0227397	0,0271063	0,0279451	0,0276454	0,0248664	0,0210132	0,0195561	0,0227445	0,0202054	0,0251909	0,0247104	0,0196081	0,0206529	0,0302733	0,0277817	0,0270307	0,0253521
3	0,0171163	0,0160278	0,0179545	0,0193138	0,0337451	0,0180571	0,0188684	0,0325032	0,0354419	0,0221362	0,022347	0,0256089	0,0174565	0,0176231	0,021595	0,0202235	0,0325128	0,0227823	0,0301536	0,0234334	0,0372963	0,0220768	0,0250153	0,0282781	0,021336	0,0201566	0,0173012	0,0178909	0,0321135	0,0273443	0,0214253	0,0198437	0,0374797	0,0234397	0,0224261	0,0252192	0,0196167	0,0167844	0,0164456	0,017152	0,0412182	0,0199973	0,0196381	0,0190041	0,0405158	0,0238657	0,0223685	0,0222475	0,01805	0,0171417	0,0169782	0,0165807	0,0211612	0,017447	0,0310717	0,0224229	0,0247233	0,0214579	0,0323074	0,0223191	0,0188537	0,0181605	0,0162803	0,0153313	0,0188298	0,0199952	0,0322015	0,0217792	0,0251555	0,0235375	0,0355907	0,0268853	0,0171905	0,0177602	0,0179303	0,0174195	0,0233915	0,0235691	0,0199514	0,0225407	0,026978	0,0280525	0,0276987	0,0249365	0,0210861	0,0194838	0,0227622	0,0202927	0,0252205	0,0245956	0,019518	0,0204166	0,0301841	0,0274701	0,0268201	0,025174
4	0,0169337	0,0161389	0,017841	0,019451	0,0336253	0,0180658	0,0189675	0,0322811	0,0353575	0,0220885	0,0225031	0,0254933	0,0174015	0,01772	0,021563	0,0203545	0,0326812	0,0227854	0,0300269	0,0232891	0,0374351	0,0222812	0,0247736	0,0284344	0,0215201	0,0201545	0,0172764	0,0178458	0,0321569	0,027386	0,0213007	0,0198108	0,037578	0,0234607	0,0227427	0,0254395	0,0194198	0,0168315	0,0162844	0,0171676	0,0411887	0,0200642	0,0195241	0,0189932	0,0406317	0,0239541	0,0223083	0,022021	0,0180931	0,0170927	0,0168668	0,0166266	0,021215	0,0175954	0,0309791	0,0224863	0,0246331	0,0216758	0,0321621	0,0223178	0,0188377	0,0180782	0,0164209	0,0152255	0,0187519	0,0199683	0,0320007	0,0218912	0,025075	0,0236658	0,0353616	0,0271351	0,0169608	0,0177416	0,0178261	0,0173129	0,0233267	0,0235594	0,019844	0,0225379	0,0267766	0,0279577	0,0275312	0,0248183	0,0210229	0,0191964	0,0225923	0,0200721	0,0250273	0,0245185	0,0193073	0,0202212	0,0298984	0,0272314	0,0266776	0,0249076
5	0,0170262	0,0160698	0,017985	0,0194043	0,0335192	0,0179818	0,0188204	0,0321556	0,0353469	0,0221644	0,0223595	0,0255151	0,017445	0,0176687	0,0215148	0,0202153	0,0324609	0,0227019	0,0301236	0,0232717	0,0374364	0,0222356	0,0250546	0,0283168	0,021442	0,0202352	0,0172639	0,017734	0,0321624	0,0272565	0,0213807	0,0197433	0,0373949	0,0234183	0,0224752	0,0251962	0,0195728	0,0167452	0,016335	0,0171888	0,0411615	0,0200778	0,019624	0,0189531	0,0404961	0,0238713	0,0224328	0,0221864	0,018023	0,017013	0,0167982	0,0166064	0,0211487	0,0173738	0,030757	0,0225538	0,0246635	0,0213717	0,0318677	0,0220689	0,0188583	0,0181697	0,0163162	0,0153497	0,0186992	0,0200149	0,0316471	0,0219013	0,0250674	0,0234499	0,0352408	0,0268117	0,0171023	0,0175103	0,0178419	0,0172254	0,0233145	0,0235311	0,0200684	0,0224509	0,0268985	0,0277788	0,0274976	0,0248679	0,0209948	0,0193237	0,0224701	0,0201742	0,0248894	0,0245615	0,0194419	0,0203097	0,0298138	0,0272226	0,0267322	0,0247946
6	0,0169643	0,0161102	0,0178652	0,0193019	0,0333836	0,0179629	0,0188084	0,0318671	0,0353019	0,0222179	0,022264	0,0254422	0,017517	0,0175647	0,0213912	0,02024	0,0324348	0,0227478	0,0300784	0,0230652	0,0372121	0,0221572	0,0249373	0,0280639	0,0214245	0,020021	0,0173054	0,0176763	0,0321135	0,027233	0,0213785	0,0197367	0,0372824	0,0233838	0,0225064	0,0251424	0,0194585	0,0167396	0,0163011	0,017052	0,0409654	0,0199579	0,0194529	0,0188616	0,0403629	0,0237558	0,0224193	0,0220042	0,0180385	0,0168859	0,0168929	0,0166276	0,0210782	0,0174619	0,0305413	0,0223962	0,0244599	0,0214009	0,0316391	0,0220977	0,0188701	0,0182173	0,0163519	0,0151294	0,0186059	0,0200342	0,0316181	0,0218167	0,0250303	0,0235818	0,0349147	0,0268661	0,0172051	0,0175839	0,0177584	0,0173003	0,0231233	0,023504	0,0198664	0,0222804	0,02676	0,0276524	0,027316	0,0249254	0,0209102	0,0194684	0,0223907	0,0199859	0,0248908	0,0245299	0,0195411	0,0201828	0,0296989	0,0270555	0,0266981	0,0247304
7	0,01707	0,0160812	0,0177277	0,0194599	0,0331432	0,0178507	0,0188022	0,031804	0,0352524	0,0223583	0,0223061	0,0251819	0,01753	0,0176251	0,0214483	0,020237	0,0323467	0,0227458	0,0299472	0,0229492	0,0371396	0,0219652	0,0249046	0,0282337	0,0214275	0,0200106	0,0171619	0,0177168	0,0319203	0,0272918	0,0212855	0,0196975	0,0372781	0,0232539	0,022342	0,0251641	0,0195895	0,0166013	0,0163137	0,0171181	0,0408586	0,0198869	0,0192985	0,0189858	0,0401542	0,0236615	0,0223134	0,0217518	0,0178094	0,0170469	0,0168265	0,0166747	0,021042	0,0174216	0,0302505	0,0223784	0,0244343	0,0213985	0,0314683	0,0219651	0,0188007	0,0181409	0,0163669	0,0152107	0,0187036	0,0199164	0,0312579	0,0218472	0,0249158	0,0234626	0,0345616	0,0268512	0,0171342	0,0176148	0,017633	0,0172394	0,0231194	0,0235611	0,0199199	0,0222503	0,0267824	0,0275683	0,0272489	0,0248023	0,0206426	0,0191995	0,0222574	0,0196974	0,0247405	0,0244225	0,019441	0,0202422	0,0297931	0,0270399	0,0265432	0,0246741
8	0,0172996	0,0162247	0,0177343	0,0193903	0,033296	0,0180337	0,0187232	0,0318956	0,0355075	0,0224914	0,0221652	0,0254114	0,0177285	0,017567	0,0214351	0,020238	0,0325316	0,0227506	0,0300924	0,0229336	0,0373476	0,0221825	0,0247019	0,0277982	0,0214956	0,019996	0,0171257	0,0176226	0,0320346	0,0271753	0,0211164	0,0196213	0,0372351	0,023295	0,022517	0,0249753	0,0197444	0,0166545	0,0161779	0,017225	0,0409906	0,0199591	0,0194165	0,0188395	0,0404267	0,023761	0,0221774	0,0216182	0,0179758	0,0168512	0,0167536	0,0164695	0,0210684	0,0174666	0,0301796	0,0221752	0,0243888	0,0213544	0,031409	0,0220829	0,0188162	0,0182623	0,0162245	0,0150756	0,0186784	0,0199234	0,0313926	0,0219232	0,0248803	0,0233345	0,0345842	0,0268164	0,0171567	0,0175358	0,0178755	0,0171008	0,0230518	0,023469	0,0199142	0,0224325	0,0266078	0,0274377	0,0273242	0,0247689	0,0207494	0,0191908	0,0223652	0,0198909	0,0248024	0,0243425	0,0194404	0,0202906	0,0296611	0,0270175	0,0265483	0,0247892
9	0,0173396	0,0161321	0,0176321	0,0192935	0,0331638	0,0180059	0,0188556	0,0316721	0,0353683	0,0224622	0,0222494	0,0251688	0,0177896	0,0177035	0,0213238	0,0201285	0,0326236	0,0225626	0,0298401	0,0228057	0,0374666	0,0221585	0,0248674	0,0279881	0,0218829	0,0199814	0,0171979	0,017494	0,0322037	0,0273006	0,0212268	0,0196991	0,0376185	0,0232617	0,0225873	0,0251317	0,0199122	0,0166598	0,0162796	0,0170559	0,041067	0,0199724	0,019247	0,0187754	0,0404106	0,0237684	0,0223291	0,0215585	0,0179758	0,0169683	0,0166284	0,0164657	0,0211887	0,0174699	0,0302596	0,0223431	0,0244193	0,0214834	0,0311825	0,0219535	0,0187855	0,0182735	0,0162812	0,0152039	0,0186329	0,0200997	0,0313219	0,0219571	0,0249708	0,0236518	0,0342438	0,0270394	0,0170209	0,0175515	0,0178975	0,0172871	0,0230357	0,0236452	0,0197566	0,0224443	0,0266401	0,0277362	0,0273217	0,0247825	0,0205994	0,0192272	0,022404	0,0197881	0,0246185	0,024344	0,0193852	0,0201386	0,0296832	0,0269009	0,0265266	0,0246668
10	0,0179576	0,0160622	0,0178605	0,0194176	0,0334563	0,0179718	0,0187218	0,0317073	0,0357036	0,0226232	0,0222963	0,0251733	0,0182981	0,017556	0,0213701	0,0200885	0,0325608	0,0226717	0,0298682	0,0228762	0,0375236	0,0221544	0,0247566	0,0280291	0,0221884	0,019987	0,01705	0,0177207	0,0321693	0,0270693	0,0213059	0,0195465	0,0375665	0,023285	0,0224689	0,0249713	0,0202903	0,0166984	0,0162783	0,0170488	0,0411014	0,0199268	0,0195936	0,0187588	0,0405909	0,0237956	0,0221869	0,0216865	0,0180193	0,0169386	0,0167602	0,0165077	0,0211064	0,0173736	0,0299432	0,0224336	0,0244411	0,0213121	0,0313016	0,021904	0,0188975	0,0181913	0,0163061	0,0152265	0,0185737	0,0200227	0,031064	0,0217854	0,0248954	0,0235823	0,034432	0,0269691	0,0170584	0,0176603	0,0180969	0,0171227	0,0231146	0,0235586	0,0198378	0,0223337	0,0266099	0,0276951	0,0271679	0,0248319	0,020571	0,0192664	0,0225065	0,0197996	0,0245643	0,0243718	0,0193496	0,0200982	0,029562	0,0269771	0,026415	0,0246052
11	0,0187532	0,0159888	0,0178845	0,0193859	0,0334258	0,0180932	0,0186449	0,0314825	0,0355576	0,0225978	0,0223926	0,0252594	0,019057	0,0175743	0,0214754	0,0201106	0,0323712	0,0226303	0,0297625	0,0228625	0,0374561	0,0218966	0,024723	0,0277943	0,0231143	0,0199963	0,0170816	0,0177743	0,031952	0,027029	0,0211823	0,0194223	0,0375111	0,0231457	0,0225377	0,0249604	0,0211919	0,016579	0,0160659	0,0170332	0,0408782	0,0198451	0,0195419	0,0186547	0,0404847	0,0238814	0,0222175	0,0216859	0,0180598	0,0169178	0,0166615	0,0164525	0,0210164	0,0172715	0,0300501	0,0223304	0,024446	0,0214203	0,0310351	0,0218868	0,0189467	0,0181218	0,0161176	0,0150922	0,0186099	0,0199181	0,0310469	0,0219053	0,0248051	0,0236909	0,0342631	0,0268262	0,0171878	0,0174926	0,0180756	0,017289	0,02297	0,0234282	0,019894	0,0222751	0,0266252	0,0276271	0,0270462	0,0247118	0,0206194	0,019295	0,0224976	0,0197223	0,0247146	0,0243768	0,0194479	0,0201204	0,0295068	0,0271376	0,0262635	0,0246056
12	0,0205703	0,0159237	0,0177335	0,0194528	0,0334273	0,0177188	0,0187289	0,0313853	0,0355717	0,022432	0,022082	0,0248751	0,0208382	0,0175621	0,0213473	0,020121	0,0322195	0,022674	0,0296945	0,0226617	0,0372577	0,0221193	0,0245315	0,0277228	0,0248956	0,0200444	0,016998	0,0175703	0,0319671	0,0269066	0,0212555	0,0194276	0,0371766	0,0230698	0,0225112	0,0248429	0,0228953	0,0167421	0,0161505	0,017085	0,0407823	0,0197976	0,01947	0,0186465	0,040351	0,0236913	0,0219714	0,0214244	0,0181997	0,0169169	0,0166399	0,0165162	0,020916	0,0173514	0,0297536	0,0223578	0,0243111	0,0212267	0,0309068	0,0219432	0,0190075	0,018059	0,0162211	0,0150827	0,0185684	0,0198897	0,0307565	0,0217961	0,0246542	0,0236413	0,033908	0,0267941	0,0172883	0,0175469	0,0185484	0,0171015	0,0228241	0,0235105	0,0197126	0,0222339	0,0265019	0,0274913	0,0271241	0,0246966	0,020762	0,0191004	0,022841	0,0195614	0,0244416	0,0241766	0,0193954	0,0199261	0,0294582	0,0267334	0,0262876	0,0244251
13	0,0238333	0,0160957	0,017788	0,0193753	0,033217	0,017981	0,0187401	0,0311518	0,035443	0,022569	0,0221101	0,0248655	0,0240324	0,0176172	0,0212284	0,0201596	0,0323212	0,0225899	0,0297051	0,0228482	0,0373108	0,0220134	0,0245288	0,0275013	0,0279361	0,0200759	0,0171306	0,0178052	0,0319575	0,0270591	0,0211382	0,0194539	0,0370286	0,0232744	0,0223757	0,024816	0,026309	0,0166889	0,0161582	0,0170325	0,0405147	0,0199573	0,0195034	0,0186006	0,0404171	0,0235916	0,0222676	0,0215811	0,0185137	0,0168418	0,0165916	0,0163252	0,0209197	0,0173457	0,0295422	0,0223352	0,0243682	0,0211752	0,0304915	0,0219295	0,0195063	0,0181624	0,0161648	0,0152219	0,0184737	0,0198966	0,0306001	0,0218042	0,0246399	0,0236646	0,0338024	0,026914	0,0176878	0,0176115	0,0191168	0,0171303	0,0228297	0,0233928	0,019677	0,0223474	0,0264959	0,0276487	0,0269221	0,0245599	0,0210038	0,0192466	0,0236126	0,0196805	0,0244378	0,0242336	0,0193599	0,0201159	0,0292936	0,0269288	0,0262775	0,0244071
14	0,0306358	0,0162465	0,0176238	0,0195951	0,0332637	0,0180473	0,0186613	0,0314077	0,0354031	0,0225051	0,0221143	0,0248885	0,0302944	0,0177112	0,0214088	0,0203431	0,0323216	0,0227099	0,0297061	0,0227995	0,0369514	0,0219301	0,0245124	0,0276975	0,0344116	0,0200909	0,0170546	0,0178724	0,0316492	0,0269785	0,0211173	0,0194825	0,0371239	0,0230373	0,0224331	0,0247773	0,0328272	0,0166326	0,0161241	0,0173317	0,0406751	0,0199199	0,0193415	0,0186865	0,0403132	0,023618	0,0220057	0,021506	0,0191877	0,0170065	0,0166608	0,0164707	0,0209903	0,0172924	0,029337	0,0222633	0,0243255	0,0212928	0,0305302	0,0219336	0,0201173	0,0181312	0,0162072	0,0151814	0,0184789	0,0198859	0,0303831	0,0216623	0,0245281	0,0235616	0,0336725	0,027031	0,0182728	0,0177371	0,0204655	0,0171279	0,022934	0,0235913	0,019811	0,0223335	0,0263483	0,0274545	0,0269958	0,0246853	0,0215426	0,0192859	0,0249431	0,0196509	0,0244003	0,0242656	0,0192758	0,0199274	0,0293278	0,0268378	0,0263172	0,0245015
15	0,0428757	0,0163099	0,0177696	0,0197498	0,0330475	0,0179153	0,018643	0,0312265	0,0352582	0,0226408	0,0219533	0,0248891	0,0420872	0,0179025	0,021417	0,0205934	0,0321524	0,022601	0,029595	0,0226653	0,0369893	0,0219688	0,0245256	0,0276061	0,0465152	0,0201361	0,0171281	0,01793	0,0319397	0,0270132	0,0211938	0,0192559	0,0370714	0,0230511	0,0224613	0,0248096	0,0449915	0,0168047	0,0161768	0,0175076	0,0406699	0,019783	0,0194524	0,0185396	0,0402545	0,0234947	0,0221022	0,0213883	0,020292	0,0169942	0,0166541	0,0164051	0,02091	0,0172092	0,0293236	0,0222433	0,0242875	0,0213547	0,0302702	0,0218802	0,0212283	0,0181972	0,0162873	0,0151266	0,0185185	0,0200082	0,0302601	0,0218989	0,0246407	0,0235974	0,0336402	0,0270002	0,0192987	0,0176585	0,0230546	0,0171989	0,0227764	0,0236298	0,0197084	0,0221543	0,0264687	0,0275244	0,0268946	0,0245146	0,0229435	0,0192067	0,027691	0,0197059	0,0245869	0,0242637	0,0192597	0,0200952	0,0292664	0,0267339	0,0262465	0,0242979
16	0,0659792	0,016463	0,0176224	0,0202384	0,0330463	0,0178846	0,0187039	0,0312695	0,0353894	0,0224613	0,0219627	0,0247693	0,0638266	0,017961	0,0213796	0,0210327	0,0322451	0,0225559	0,0298012	0,0223914	0,0369449	0,0219513	0,0245757	0,0274972	0,0685794	0,0204793	0,0171189	0,0182552	0,0319953	0,0271451	0,0212215	0,019351	0,0370275	0,0230942	0,0224668	0,0245292	0,0682978	0,0171168	0,0161371	0,0178182	0,0404838	0,0198167	0,0194451	0,0186082	0,0402407	0,0234717	0,0220149	0,0213183	0,0226216	0,0168707	0,0167411	0,0163248	0,020959	0,0172747	0,029189	0,0223024	0,0242996	0,0211773	0,0302218	0,0217213	0,0236012	0,0182253	0,0162579	0,0152121	0,0185889	0,0197613	0,0302607	0,0217929	0,0246354	0,0237303	0,0333059	0,026814	0,0218113	0,017665	0,027785	0,0172163	0,022893	0,0236062	0,0196542	0,0222167	0,0263167	0,0274291	0,0267312	0,0247992	0,025252	0,0191639	0,0328758	0,0195476	0,0243992	0,0241435	0,0194632	0,0200311	0,0292783	0,0268023	0,026201	0,0244523
17	0,106375	0,0170883	0,0178631	0,021462	0,0333243	0,0180178	0,0188779	0,0312639	0,035303	0,0226488	0,0220166	0,0248781	0,101814	0,0185076	0,0214188	0,0220194	0,0325414	0,0225431	0,029871	0,022506	0,0372003	0,0221901	0,024548	0,0273701	0,107165	0,020897	0,0171102	0,0194312	0,0319378	0,027159	0,0214077	0,0195135	0,0372564	0,0231146	0,0224217	0,0246814	0,107562	0,0175829	0,0163225	0,0187788	0,0408087	0,0200174	0,0195675	0,0187086	0,0406485	0,0235501	0,0221243	0,0212915	0,0270491	0,0169333	0,0168854	0,0164065	0,0209946	0,0174543	0,0291492	0,0223365	0,0244615	0,0213173	0,0302776	0,0219089	0,0281376	0,0184176	0,016381	0,0152308	0,0185189	0,0199122	0,0302268	0,0218093	0,0248047	0,0236832	0,0335384	0,0269268	0,0261798	0,0176967	0,0372398	0,0171282	0,0228779	0,0235971	0,0198403	0,0221834	0,0263625	0,0273812	0,0268871	0,024699	0,0299734	0,0193306	0,0429722	0,0196464	0,0246486	0,0242195	0,019535	0,0201552	0,0292466	0,0267781	0,0264114	0,0244688
18	0,169307	0,0179204	0,0177519	0,023282	0,0337762	0,0180925	0,0187891	0,031333	0,035586	0,0226061	0,0222139	0,0248696	0,160576	0,0196757	0,0215628	0,0237586	0,0327347	0,0226627	0,0296919	0,0227375	0,0373793	0,021841	0,0246405	0,0274215	0,167607	0,0218595	0,0170543	0,0209537	0,0323645	0,0272641	0,0214297	0,0195922	0,0376214	0,0231706	0,0222212	0,0246086	0,169595	0,0185134	0,0163491	0,0205178	0,0411708	0,0198901	0,0194875	0,0185979	0,0409717	0,0234788	0,0219976	0,0212795	0,0358337	0,017075	0,0170485	0,0164427	0,0210837	0,0174214	0,0290728	0,0223947	0,0244948	0,0212175	0,0301927	0,0219605	0,036644	0,0184274	0,0167161	0,0152444	0,0188032	0,0200261	0,0304381	0,0218949	0,0246857	0,0235812	0,0332743	0,0269507	0,0344996	0,0179421	0,0547843	0,0171699	0,0231064	0,0236267	0,0198322	0,0222642	0,0262668	0,0272314	0,0270251	0,0247276	0,0388757	0,0195229	0,0613316	0,019568	0,0245653	0,0242988	0,0193612	0,0200263	0,0294125	0,0269379	0,026279	0,0244553
19	0,252491	0,0198312	0,0179973	0,0270138	0,0343222	0,0182607	0,0188408	0,0311213	0,0363728	0,0227397	0,0221589	0,0248447	0,237165	0,021616	0,0216238	0,0269318	0,0333771	0,0229017	0,0299062	0,0227473	0,0381593	0,0221109	0,0245146	0,0275923	0,246906	0,0235774	0,0172083	0,0241129	0,0331232	0,0273428	0,0215171	0,0197082	0,0383694	0,022954	0,0223778	0,0248271	0,25053	0,0201684	0,0162649	0,0236014	0,0417364	0,020194	0,0195027	0,0189169	0,0417358	0,0237289	0,0220014	0,0214607	0,0519759	0,0173927	0,0175056	0,0164434	0,0211569	0,0173869	0,0294193	0,022448	0,0245541	0,0213885	0,0304436	0,0217867	0,0529524	0,0186601	0,0170167	0,0153037	0,0189785	0,0200417	0,0307752	0,0219531	0,0248635	0,0236849	0,033549	0,0267882	0,0502414	0,0180886	0,0864041	0,0172915	0,0233024	0,0237649	0,0199548	0,0224001	0,0265566	0,0274216	0,0268288	0,024624	0,055469	0,0196319	0,0944468	0,0197534	0,0247926	0,0242106	0,0195995	0,0199578	0,0294796	0,0269683	0,0263321	0,0246264
20	0,338107	0,0233423	0,0181509	0,0337909	0,035809	0,0185543	0,0189506	0,0316199	0,0378171	0,0226496	0,022031	0,0248258	0,314343	0,0249989	0,021923	0,0337782	0,0349933	0,0229433	0,0297704	0,0232215	0,039429	0,0219533	0,024746	0,0276058	0,327447	0,026842	0,0175309	0,0301693	0,034384	0,0277413	0,0214962	0,0199517	0,0399513	0,0231677	0,0223066	0,0247947	0,332554	0,0235228	0,0166364	0,0296328	0,0432105	0,0203416	0,0198344	0,0191738	0,0430351	0,0237164	0,0223274	0,0212692	0,0814542	0,0178977	0,0184145	0,0166202	0,0215992	0,0173921	0,0299716	0,0223609	0,0249283	0,0211605	0,0306365	0,0216238	0,0823903	0,0193239	0,0179275	0,0154954	0,0194432	0,0202847	0,0313237	0,0219617	0,0253241	0,0236542	0,0338204	0,0268895	0,0791396	0,0186156	0,139005	0,0171935	0,0237362	0,0238118	0,0199436	0,0224559	0,026867	0,0273675	0,0268422	0,0248381	0,0854315	0,0201861	0,148397	0,0198045	0,0251602	0,02437	0,0197284	0,0201288	0,0299466	0,0269386	0,0266238	0,0249087
21	0,405426	0,0298794	0,018357	0,0471559	0,0382417	0,0187381	0,0191365	0,0317776	0,0407507	0,022737	0,0221221	0,0251432	0,374018	0,0315947	0,0220289	0,0461323	0,0378933	0,023146	0,0300933	0,0233761	0,042134	0,0222633	0,0245174	0,0278071	0,390179	0,033236	0,0176546	0,0420664	0,037001	0,0279687	0,0217123	0,0203163	0,0428996	0,0231528	0,0223655	0,0251206	0,395846	0,0296967	0,0167612	0,0411789	0,0459697	0,0206005	0,020013	0,0192964	0,0459499	0,023748	0,0220752	0,0216563	0,130233	0,0185577	0,0201048	0,0166763	0,0222591	0,0175104	0,0309778	0,0223932	0,0255008	0,0213456	0,031747	0,0218288	0,131251	0,0200376	0,0195223	0,0156468	0,0201381	0,0205303	0,0324551	0,0221435	0,0258138	0,0236357	0,0348929	0,027138	0,127208	0,019461	0,21531	0,0174173	0,0243463	0,0240157	0,0202209	0,022484	0,0272861	0,0274945	0,0269689	0,0247222	0,135341	0,0210048	0,223632	0,0200139	0,0259176	0,0245275	0,0198174	0,0200416	0,0308124	0,0269772	0,026555	0,0247586
22	0,447656	0,0424007	0,0186557	0,0710481	0,043496	0,019106	0,019375	0,0323083	0,0458541	0,023041	0,0221458	0,02549	0,411464	0,0440346	0,0224552	0,0686599	0,043177	0,0238251	0,030073	0,0239091	0,0474295	0,0225348	0,0245553	0,0280542	0,430289	0,0449776	0,0179665	0,0631289	0,0419196	0,028368	0,0219754	0,0208879	0,0483873	0,0235271	0,0223333	0,0255042	0,43601	0,0412101	0,0170619	0,0624185	0,0511211	0,0208324	0,0200853	0,0201465	0,0513335	0,0238667	0,0220857	0,0220911	0,201819	0,0200556	0,0231453	0,0167506	0,0234721	0,0176033	0,0331554	0,0224011	0,0267921	0,0214713	0,0336374	0,0216476	0,203207	0,0215855	0,0222816	0,0158632	0,0212449	0,020678	0,0346748	0,0224796	0,0269872	0,0237641	0,0365352	0,0269955	0,198656	0,0209037	0,304263	0,0175705	0,0254802	0,0243108	0,0205216	0,0226868	0,0284423	0,0276393	0,0270262	0,024831	0,208329	0,0226166	0,307441	0,0202238	0,0269939	0,0246895	0,0203488	0,020171	0,0321314	0,0274216	0,0268132	0,024982
23	0,473327	0,0650378	0,0188958	0,113199	0,0533071	0,0197302	0,0196445	0,0329425	0,055994	0,0235135	0,0221151	0,0262909	0,43239	0,0666035	0,0227888	0,107786	0,0537939	0,0241805	0,0302262	0,0248724	0,057433	0,0230606	0,0244638	0,028814	0,453516	0,0667477	0,0183459	0,100456	0,0515548	0,0289988	0,0218656	0,0219114	0,0589135	0,0237474	0,0224765	0,0262308	0,459611	0,0623148	0,0175585	0,0994906	0,0611463	0,0213659	0,0204066	0,0208259	0,061536	0,0242251	0,0222725	0,0226043	0,286916	0,0225963	0,0289819	0,0168703	0,0257739	0,0178218	0,0372744	0,0225083	0,0289841	0,021581	0,0375591	0,0218677	0,287794	0,0239119	0,0277752	0,015885	0,023678	0,020966	0,0388728	0,022639	0,0291195	0,0237845	0,0403496	0,0272372	0,28469	0,0234955	0,383063	0,0177906	0,0278923	0,0247367	0,0207825	0,0226316	0,0306677	0,0278114	0,027396	0,024879	0,294972	0,0254371	0,378559	0,0203967	0,0291519	0,0249342	0,0208139	0,0200486	0,034652	0,0275506	0,0267966	0,0249406
24	0,488248	0,104607	0,0197426	0,178578	0,0715674	0,020678	0,0197434	0,0343316	0,0749667	0,0241959	0,0221685	0,0279704	0,446042	0,105917	0,023497	0,168625	0,0729827	0,0251462	0,0305485	0,0266253	0,0765338	0,0238427	0,0245408	0,0303824	0,467523	0,104402	0,0191506	0,158441	0,0688558	0,030219	0,0222588	0,0237173	0,0787043	0,0247326	0,0226207	0,0282702	0,472895	0,0996367	0,0183692	0,157928	0,0793066	0,022621	0,020523	0,0228474	0,080431	0,0251436	0,0221242	0,0240092	0,362781	0,0278767	0,04036	0,0170831	0,0300329	0,0181051	0,0454406	0,0227963	0,0336718	0,0218832	0,0451898	0,0218983	0,364263	0,0288354	0,0383759	0,0160397	0,0280091	0,0213675	0,0466949	0,0228346	0,0334528	0,0240194	0,0472131	0,0273269	0,363765	0,0283296	0,437412	0,0177785	0,0320219	0,0251451	0,0212229	0,0227045	0,0348377	0,0279981	0,0277439	0,0250283	0,373044	0,0304483	0,425148	0,0206288	0,0332315	0,0253653	0,021319	0,0204186	0,039508	0,0277996	0,0273173	0,025272
25	0,498039	0,16687	0,0207411	0,265051	0,103679	0,0227242	0,0201339	0,0371889	0,108824	0,0259105	0,0222033	0,0310497	0,453797	0,167313	0,0249028	0,248475	0,106936	0,0266333	0,0308271	0,0300477	0,109878	0,0255841	0,0247678	0,0332561	0,476819	0,163514	0,0204135	0,233551	0,0997374	0,0322674	0,0225336	0,0271495	0,113798	0,0261408	0,0225656	0,0318808	0,482312	0,159488	0,019808	0,23646	0,1116	0,0246348	0,0206304	0,0263286	0,114621	0,0267392	0,0224437	0,0265108	0,417068	0,0376859	0,0609258	0,0173472	0,0385462	0,0184519	0,0605625	0,023106	0,0426336	0,0223465	0,0593642	0,0217629	0,41791	0,0380225	0,0574532	0,0161825	0,0359745	0,0218111	0,0612846	0,0229452	0,0422587	0,024242	0,0604121	0,0273733	0,420385	0,0369814	0,469646	0,0177331	0,0398326	0,0257331	0,0218616	0,0228617	0,0429435	0,0285166	0,0285554	0,0250164	0,427525	0,0400466	0,452949	0,0207015	0,0407323	0,0256094	0,0224193	0,0204706	0,0485887	0,0279768	0,0281569	0,0253221
26	0,505643	0,249512	0,0229366	0,354609	0,156616	0,0265521	0,020591	0,0433573	0,165122	0,0291327	0,0223859	0,0371851	0,460482	0,248311	0,0271867	0,328969	0,16117	0,030137	0,0315466	0,0366899	0,165027	0,0291981	0,024778	0,038649	0,483359	0,241079	0,0224855	0,311422	0,14948	0,036021	0,0228991	0,0341318	0,170749	0,0290511	0,0226949	0,0384259	0,489322	0,240037	0,0221729	0,319544	0,163079	0,0281656	0,0210945	0,0323708	0,169883	0,0294806	0,02254	0,0320058	0,449662	0,0556864	0,0972892	0,0176799	0,0544495	0,0192861	0,0882788	0,0230655	0,0592733	0,0229838	0,0861612	0,0218907	0,450134	0,0547646	0,0914098	0,0162083	0,0506105	0,0224785	0,0876289	0,0229638	0,0578381	0,024515	0,0852607	0,0277371	0,455093	0,0531096	0,488225	0,0179741	0,0546511	0,0264496	0,0235272	0,0231245	0,0580049	0,029335	0,0301239	0,0249036	0,461059	0,0578116	0,469224	0,0209149	0,055265	0,026642	0,0236916	0,020333	0,0658898	0,0288104	0,0296214	0,0253661
27	0,511295	0,334774	0,0268666	0,424395	0,23052	0,033451	0,0212477	0,0545529	0,244701	0,0351505	0,0225034	0,049103	0,465199	0,330376	0,0312395	0,391599	0,235825	0,0357648	0,0323593	0,0490164	0,241471	0,0356245	0,0251113	0,0493083	0,488744	0,319361	0,0266882	0,371952	0,219072	0,0426822	0,0231952	0,0468388	0,249796	0,0348952	0,02323	0,0511416	0,495041	0,325576	0,0263356	0,385423	0,233628	0,0346181	0,0215851	0,0444611	0,246956	0,0353524	0,0228696	0,04177	0,468843	0,0878337	0,15553	0,0179902	0,0831281	0,0204914	0,134698	0,0233847	0,0897773	0,0242506	0,131407	0,0218628	0,46898	0,0853601	0,145092	0,0165425	0,07733	0,0237796	0,132052	0,023275	0,0871683	0,0255054	0,127246	0,0282423	0,475196	0,082133	0,49949	0,0180936	0,0813555	0,0278291	0,0262942	0,0234247	0,0860753	0,0306014	0,0330021	0,0252224	0,480179	0,0897229	0,479302	0,0211837	0,0810437	0,0279432	0,0266814	0,0207863	0,0969155	0,0297696	0,032591	0,0257467
28	0,515079	0,40225	0,0336392	0,468703	0,314969	0,0461565	0,0221703	0,0755227	0,333424	0,0466989	0,0230665	0,0709502	0,469229	0,394379	0,0389632	0,430678	0,316547	0,0470891	0,0334875	0,0710598	0,325093	0,0478761	0,0256039	0,0690695	0,492081	0,380861	0,033889	0,409403	0,29604	0,0551373	0,023999	0,0700538	0,33553	0,0458691	0,0236874	0,074417	0,498371	0,394817	0,0342536	0,428147	0,310089	0,0466548	0,022036	0,0663211	0,330319	0,0461615	0,0238895	0,060464	0,479884	0,139977	0,232863	0,0185364	0,131109	0,0229454	0,202817	0,0237088	0,141248	0,0268758	0,20026	0,0221016	0,480722	0,135209	0,217904	0,0167264	0,122096	0,0260958	0,197975	0,0235238	0,13574	0,027225	0,190957	0,0287009	0,487855	0,12957	0,5071	0,0183311	0,126119	0,0305536	0,031376	0,0239068	0,132895	0,0331297	0,0388721	0,0254274	0,49243	0,142698	0,486133	0,0213965	0,124174	0,0303868	0,0318952	0,0210923	0,148964	0,0316366	0,0380165	0,0259564
29	0,5181	0,44484	0,0458277	0,494858	0,389998	0,069245	0,0234566	0,112448	0,407991	0,0679701	0,0238817	0,110128	0,471638	0,434639	0,0524375	0,452956	0,385314	0,0675198	0,0346295	0,109344	0,393653	0,0700999	0,0263371	0,104177	0,495303	0,419561	0,0468192	0,431368	0,363661	0,0777055	0,0250829	0,109474	0,405552	0,066496	0,024695	0,115718	0,501484	0,44035	0,048677	0,45208	0,374408	0,0681495	0,0226554	0,104322	0,398434	0,0662422	0,0250826	0,093699	0,488176	0,212834	0,315	0,0192148	0,201761	0,0269107	0,283991	0,024262	0,216827	0,0316646	0,284909	0,0220325	0,488707	0,205317	0,294254	0,0169199	0,187598	0,030411	0,277352	0,0236388	0,207521	0,0301393	0,270116	0,0289871	0,496237	0,198101	0,51264	0,0183833	0,192263	0,0353496	0,0411324	0,0242468	0,202792	0,0377744	0,0495314	0,0255987	0,500985	0,217296	0,490865	0,0216801	0,188885	0,0350683	0,0417325	0,0213628	0,2242	0,0348584	0,0482115	0,0263544
30	0,520653	0,470166	0,0685139	0,510178	0,445038	0,109609	0,0254613	0,171065	0,458761	0,105696	0,0254086	0,172615	0,473724	0,458676	0,0773365	0,466284	0,433682	0,103083	0,037328	0,169635	0,438945	0,10979	0,0279042	0,161186	0,497607	0,442214	0,0705805	0,44452	0,41193	0,116469	0,0271861	0,171769	0,451575	0,103029	0,026939	0,180146	0,503983	0,466703	0,0746992	0,466744	0,420386	0,106006	0,0239706	0,164441	0,443335	0,102084	0,0277121	0,148252	0,493984	0,2944	0,381459	0,0196928	0,287106	0,0347032	0,359139	0,0246038	0,307067	0,0408152	0,363669	0,0223459	0,494523	0,285403	0,355549	0,0171279	0,266077	0,0386061	0,352327	0,0240918	0,292976	0,0359603	0,343904	0,02962	0,502574	0,277965	0,517163	0,0185665	0,273803	0,0447506	0,0593024	0,0245591	0,28627	0,0471185	0,0700428	0,026029	0,507013	0,303188	0,495329	0,0220802	0,268852	0,0439797	0,0595848	0,0220762	0,312154	0,0415759	0,0670477	0,026794
31	0,522956	0,485565	0,107635	0,52136	0,482239	0,172541	0,0294138	0,251313	0,488049	0,167254	0,0281278	0,258093	0,475882	0,472741	0,119937	0,475379	0,465757	0,15947	0,0416119	0,248913	0,46599	0,17248	0,0307498	0,239324	0,499545	0,455311	0,11144	0,45235	0,443564	0,176757	0,0304276	0,254954	0,478463	0,161711	0,0308234	0,263353	0,505599	0,48295	0,118537	0,476857	0,450623	0,165579	0,0257255	0,243806	0,469561	0,160007	0,0327042	0,224927	0,497761	0,362989	0,423614	0,0201266	0,367266	0,0486854	0,415963	0,025107	0,38687	0,0576945	0,420989	0,0226387	0,498863	0,353975	0,394847	0,0173658	0,338192	0,0535475	0,408518	0,0245187	0,368685	0,046764	0,397624	0,0302695	0,507283	0,349169	0,520589	0,0188065	0,349829	0,0617536	0,0917496	0,025155	0,36094	0,0641537	0,106596	0,0266365	0,512195	0,377399	0,498647	0,0224736	0,3464	0,0601788	0,0916132	0,0226144	0,389476	0,0540225	0,101162	0,0274054
32	0,524487	0,495195	0,167191	0,528546	0,506667	0,256586	0,0367764	0,338494	0,504973	0,250925	0,0326569	0,348472	0,476836	0,481988	0,184001	0,481832	0,486549	0,235385	0,049406	0,330737	0,47992	0,255213	0,036137	0,322667	0,50104	0,464035	0,174376	0,458234	0,464938	0,256114	0,0366437	0,340874	0,493595	0,241031	0,0381467	0,346643	0,507091	0,493236	0,185256	0,483809	0,470725	0,247135	0,0290421	0,327236	0,484004	0,239296	0,0419687	0,307827	0,501543	0,408688	0,447996	0,0203882	0,427989	0,0741042	0,452695	0,0254222	0,443077	0,0878782	0,455508	0,0229185	0,502405	0,400299	0,417191	0,0175235	0,392051	0,0807088	0,446696	0,0246712	0,420264	0,0666049	0,429478	0,0308849	0,510752	0,39795	0,522514	0,019026	0,407855	0,0923699	0,144502	0,0255882	0,412436	0,09443	0,165098	0,0269329	0,515525	0,427429	0,500484	0,022702	0,40574	0,0890988	0,143167	0,0229869	0,441412	0,0764667	0,158122	0,0280411
33	0,525687	0,502018	0,24381	0,534166	0,523353	0,34376	0,0501331	0,411856	0,513931	0,342106	0,0410997	0,420809	0,477521	0,488143	0,265477	0,486115	0,499944	0,31537	0,0645032	0,396928	0,487901	0,340318	0,0457702	0,390104	0,501743	0,470235	0,256354	0,462782	0,478681	0,33707	0,0484049	0,410141	0,501369	0,324425	0,0516921	0,409234	0,50775	0,499877	0,268521	0,488429	0,483154	0,334527	0,0352533	0,395782	0,492187	0,324316	0,0586296	0,376568	0,503899	0,435611	0,461497	0,0206906	0,467769	0,117072	0,477055	0,0258565	0,476928	0,138831	0,475665	0,0230858	0,505058	0,427071	0,429722	0,017767	0,427201	0,125955	0,470752	0,0252285	0,451426	0,101992	0,448643	0,0315016	0,514206	0,425929	0,524133	0,0190999	0,446709	0,142726	0,218663	0,0259134	0,443905	0,145092	0,245497	0,0274957	0,518386	0,456624	0,501879	0,0228857	0,445395	0,136999	0,215302	0,0233173	0,472739	0,116362	0,239242	0,0283889
34	0,526146	0,506998	0,319555	0,537888	0,533952	0,414539	0,0742771	0,46389	0,517596	0,414944	0,0567019	0,466744	0,477854	0,492983	0,343465	0,489012	0,507907	0,38219	0,0911863	0,440674	0,490501	0,404471	0,0639001	0,433588	0,502247	0,474086	0,338316	0,465459	0,486909	0,40199	0,0690774	0,45788	0,504912	0,389331	0,0764673	0,4482	0,508451	0,505076	0,348125	0,491856	0,491321	0,407738	0,0463669	0,442303	0,495591	0,39192	0,0889758	0,421173	0,505808	0,450436	0,47059	0,0210993	0,493188	0,181501	0,492301	0,0261306	0,495245	0,213468	0,486118	0,0233361	0,506676	0,442369	0,437875	0,0177705	0,449195	0,193942	0,485956	0,0254418	0,468392	0,159008	0,458326	0,0318899	0,514821	0,442503	0,525231	0,0191636	0,471366	0,215783	0,303155	0,0262782	0,461261	0,219014	0,331307	0,0277229	0,519847	0,47406	0,503167	0,023278	0,472294	0,206495	0,295749	0,0237694	0,490503	0,179626	0,332761	0,0287301
35	0,5268	0,510407	0,378287	0,541052	0,540675	0,464233	0,116156	0,498177	0,519381	0,462355	0,0851569	0,494125	0,478437	0,496561	0,401972	0,491787	0,513012	0,427635	0,136358	0,469547	0,492119	0,445665	0,0963149	0,458864	0,503021	0,477489	0,402042	0,468087	0,492451	0,446522	0,105995	0,488118	0,506028	0,430981	0,119677	0,470924	0,508977	0,509258	0,407824	0,495066	0,496313	0,458989	0,0666057	0,473392	0,497146	0,435017	0,139191	0,44868	0,50707	0,460291	0,476741	0,0211807	0,510188	0,261546	0,50303	0,0264855	0,505494	0,303262	0,491181	0,0234466	0,508143	0,451312	0,443179	0,0179895	0,463826	0,27786	0,496802	0,0257839	0,477765	0,238056	0,463419	0,0320048	0,516816	0,452483	0,52607	0,0193184	0,487753	0,301687	0,377222	0,0266465	0,470799	0,305028	0,401139	0,0283482	0,521945	0,484323	0,503933	0,0236287	0,489799	0,290304	0,366253	0,0242391	0,500866	0,263649	0,413677	0,0293651
36	0,526695	0,513932	0,41443	0,543586	0,544384	0,496526	0,181475	0,520996	0,519784	0,489622	0,133088	0,50879	0,478586	0,499478	0,43827	0,493653	0,515441	0,457033	0,203108	0,487727	0,492741	0,469188	0,149005	0,473016	0,502663	0,479908	0,441963	0,469329	0,494646	0,474828	0,164722	0,507503	0,5059	0,455166	0,186267	0,483154	0,50932	0,511559	0,444188	0,496658	0,498037	0,492796	0,102962	0,494254	0,497175	0,459956	0,210929	0,463127	0,508746	0,466784	0,481464	0,0215809	0,52079	0,338301	0,508767	0,0266499	0,509931	0,382892	0,493883	0,0238812	0,509936	0,457944	0,447212	0,0181291	0,4724	0,358235	0,502726	0,0261006	0,481823	0,323215	0,46551	0,0321482	0,517825	0,459238	0,526448	0,019327	0,498105	0,378734	0,430382	0,0267683	0,475535	0,3798	0,446817	0,0284679	0,523179	0,491725	0,50475	0,0239356	0,501692	0,36613	0,415881	0,0246349	0,50553	0,350316	0,469102	0,0295237
37	0,526854	0,51545	0,4353	0,544439	0,545027	0,516888	0,265595	0,53506	0,519603	0,504975	0,204428	0,516932	0,478296	0,500997	0,458834	0,494956	0,514943	0,476399	0,284301	0,499736	0,492473	0,481546	0,223527	0,479879	0,503238	0,481304	0,464984	0,470578	0,495487	0,494223	0,245568	0,519761	0,506568	0,467917	0,272114	0,489664	0,509353	0,51355	0,464474	0,498608	0,498211	0,515809	0,15886	0,507645	0,497314	0,473351	0,292385	0,471342	0,508994	0,470719	0,484465	0,0215428	0,527313	0,396975	0,511596	0,0270061	0,512185	0,438052	0,494842	0,0239017	0,510199	0,462284	0,450301	0,0182	0,477733	0,420143	0,505619	0,0261776	0,484132	0,392115	0,466258	0,032526	0,518306	0,464178	0,526541	0,019398	0,503525	0,435833	0,465923	0,0269879	0,476709	0,430536	0,472518	0,0287296	0,523525	0,497033	0,504565	0,0240875	0,509359	0,423	0,449069	0,0247906	0,507553	0,417205	0,501916	0,0298103
38	0,525956	0,517289	0,446388	0,545582	0,544502	0,530979	0,350382	0,543732	0,519315	0,513019	0,290205	0,520686	0,478355	0,502433	0,470633	0,496228	0,514416	0,489211	0,359799	0,506598	0,492004	0,487721	0,306326	0,48359	0,503013	0,482728	0,478539	0,471293	0,494868	0,506182	0,333361	0,526948	0,50594	0,474	0,356104	0,492532	0,508665	0,514969	0,47702	0,499351	0,497786	0,529771	0,23269	0,515557	0,497229	0,479921	0,3618	0,474832	0,509279	0,474126	0,487567	0,0216367	0,530529	0,436118	0,512519	0,027139	0,513257	0,47066	0,494994	0,0241747	0,510356	0,466091	0,452229	0,0183479	0,479404	0,461596	0,505634	0,0263502	0,483877	0,437015	0,466248	0,0327527	0,518686	0,467925	0,52673	0,0194548	0,506059	0,473523	0,488644	0,0273264	0,477391	0,460403	0,487123	0,0290013	0,52363	0,500474	0,50515	0,0245147	0,5132	0,46079	0,47037	0,0249602	0,507776	0,459721	0,521399	0,0301141
39	0,526078	0,517927	0,454501	0,546041	0,543963	0,539117	0,418161	0,548286	0,51936	0,516323	0,368043	0,522461	0,478506	0,503185	0,478858	0,496582	0,513543	0,496273	0,415748	0,510069	0,491424	0,489681	0,37461	0,48455	0,502792	0,483862	0,486793	0,471427	0,493536	0,513314	0,407713	0,530407	0,505538	0,476484	0,417905	0,493615	0,508041	0,515371	0,485385	0,499687	0,496725	0,538079	0,309881	0,519411	0,496706	0,482606	0,407778	0,476417	0,509585	0,476989	0,48884	0,0217599	0,531695	0,46145	0,511603	0,027398	0,512491	0,489232	0,494936	0,0242967	0,510038	0,46817	0,454161	0,0183816	0,48006	0,488188	0,504962	0,0263448	0,484004	0,46359	0,466158	0,0326896	0,518605	0,46965	0,526262	0,019572	0,504881	0,497763	0,503636	0,0272881	0,476826	0,476859	0,493788	0,0291008	0,523615	0,50326	0,504798	0,0244446	0,513591	0,485099	0,484227	0,0249422	0,507299	0,483784	0,531431	0,0300351
40	0,525881	0,518308	0,45941	0,546717	0,542667	0,54321	0,463841	0,549047	0,518356	0,517535	0,423066	0,522938	0,477893	0,503322	0,483926	0,496573	0,51281	0,499883	0,452498	0,509574	0,491282	0,4904	0,419512	0,484941	0,502299	0,483905	0,493123	0,471653	0,493258	0,516995	0,458965	0,531001	0,505354	0,477906	0,455865	0,493144	0,507949	0,515747	0,490994	0,499988	0,496564	0,543559	0,37235	0,520846	0,496112	0,483553	0,434691	0,477146	0,508784	0,47832	0,490033	0,0218207	0,530733	0,478045	0,510759	0,0275228	0,512842	0,498495	0,494441	0,0243425	0,510629	0,469491	0,45426	0,0183945	0,479364	0,505008	0,504296	0,0265407	0,483784	0,478718	0,465591	0,0327243	0,518029	0,471527	0,52586	0,0194897	0,503895	0,514313	0,512821	0,0273246	0,477039	0,485502	0,497403	0,0293373	0,523742	0,504842	0,504795	0,0245088	0,51333	0,501981	0,492976	0,0249166	0,50746	0,497782	0,536255	0,0302713
41	0,525371	0,518194	0,463882	0,546475	0,54256	0,544207	0,494181	0,548852	0,518274	0,517736	0,455429	0,522772	0,477615	0,503196	0,487888	0,496196	0,512528	0,501968	0,476538	0,509372	0,490619	0,490401	0,445372	0,484282	0,502136	0,484021	0,497589	0,471803	0,492314	0,518152	0,492064	0,530416	0,504588	0,47728	0,476382	0,49346	0,507609	0,516368	0,493983	0,500185	0,495123	0,545842	0,415987	0,520184	0,495955	0,483598	0,449899	0,47725	0,508601	0,479382	0,490649	0,021787	0,530186	0,488665	0,509789	0,0274136	0,512133	0,502835	0,494167	0,0243072	0,509469	0,470995	0,455308	0,0183825	0,478011	0,516493	0,502979	0,0264574	0,483533	0,485896	0,465462	0,0325755	0,517645	0,472961	0,525551	0,019528	0,502684	0,523983	0,517818	0,0273283	0,476296	0,489438	0,497941	0,029471	0,522808	0,506388	0,503897	0,0244246	0,512286	0,512531	0,498249	0,0249806	0,507489	0,504478	0,538257	0,0303168
42	0,52519	0,518247	0,466568	0,546721	0,54151	0,543606	0,513176	0,546442	0,517503	0,516876	0,473977	0,522205	0,477331	0,503576	0,490487	0,495925	0,511382	0,50122	0,492099	0,507464	0,489938	0,489798	0,459435	0,484363	0,501954	0,483191	0,500432	0,471287	0,491858	0,517512	0,513384	0,528588	0,504167	0,476908	0,487282	0,492833	0,507166	0,515949	0,497037	0,499808	0,494984	0,545685	0,444477	0,518571	0,495134	0,483464	0,457084	0,476545	0,50814	0,480065	0,490681	0,0218577	0,529265	0,495093	0,509157	0,0274382	0,51205	0,504045	0,493053	0,0243795	0,509269	0,471655	0,455519	0,0183008	0,477361	0,522813	0,501735	0,0264511	0,483166	0,489442	0,464698	0,0327025	0,517328	0,473574	0,524773	0,019496	0,501204	0,530017	0,519355	0,0273681	0,476195	0,490518	0,498237	0,0295769	0,522467	0,507222	0,503503	0,0245842	0,511078	0,518475	0,50016	0,0250207	0,507217	0,507287	0,539282	0,0302489
43	0,524526	0,517928	0,468455	0,546337	0,540779	0,542798	0,525885	0,545919	0,517684	0,51662	0,483843	0,521829	0,477002	0,503114	0,492502	0,495714	0,510883	0,500302	0,501769	0,506858	0,489289	0,489683	0,465954	0,483755	0,501297	0,483422	0,502453	0,471157	0,491182	0,516811	0,528157	0,527869	0,503877	0,477197	0,492624	0,492792	0,50656	0,515944	0,499575	0,499058	0,494598	0,546348	0,462572	0,517715	0,494864	0,482616	0,460344	0,475736	0,507578	0,480204	0,491113	0,021649	0,528741	0,498638	0,508638	0,0275438	0,511873	0,504641	0,492765	0,024186	0,508789	0,471815	0,455819	0,0183607	0,476699	0,526091	0,501918	0,026507	0,482803	0,490681	0,464564	0,032517	0,517343	0,473497	0,524584	0,019441	0,5008	0,532855	0,520372	0,0272757	0,475287	0,491207	0,498079	0,029966	0,521932	0,507774	0,503126	0,0243979	0,510734	0,520419	0,501189	0,0249886	0,506884	0,508405	0,538816	0,0302353
44	0,523956	0,517969	0,470435	0,546106	0,540389	0,541761	0,533577	0,544785	0,515896	0,516618	0,488615	0,521149	0,476099	0,503518	0,493854	0,495721	0,510558	0,499344	0,506958	0,506284	0,489178	0,489191	0,469049	0,483647	0,501192	0,482743	0,504016	0,470475	0,491411	0,516065	0,537436	0,526755	0,503273	0,476452	0,494403	0,492148	0,506427	0,515475	0,501043	0,499652	0,494042	0,544848	0,474468	0,516451	0,494372	0,482508	0,461382	0,476314	0,507402	0,480428	0,490723	0,0218213	0,527357	0,500266	0,508891	0,0276005	0,510677	0,50481	0,492636	0,0243609	0,508273	0,471938	0,455695	0,0183798	0,476359	0,527522	0,501177	0,0266367	0,482203	0,491605	0,464112	0,0324902	0,516653	0,474445	0,524472	0,019586	0,500544	0,532611	0,519821	0,0272427	0,475203	0,490752	0,497924	0,0307802	0,521575	0,50818	0,502985	0,0244291	0,510057	0,52044	0,500514	0,0249692	0,506352	0,508728	0,538851	0,0303296
45	0,52349	0,517757	0,471306	0,545157	0,540035	0,541193	0,538741	0,543954	0,516068	0,515782	0,490035	0,521129	0,476073	0,502889	0,494552	0,495161	0,510213	0,498554	0,510174	0,505859	0,488093	0,488987	0,469629	0,482586	0,500603	0,482724	0,504809	0,470039	0,490837	0,515678	0,542886	0,52644	0,502414	0,476479	0,494711	0,492353	0,50585	0,515178	0,501766	0,498483	0,493389	0,544114	0,482228	0,516624	0,494341	0,482364	0,461816	0,47556	0,507232	0,480469	0,491036	0,0218658	0,527701	0,500072	0,507992	0,0276474	0,510514	0,504299	0,491923	0,0244509	0,508561	0,471957	0,455212	0,0182886	0,47623	0,527455	0,500692	0,0266708	0,482232	0,491952	0,46441	0,0325565	0,516637	0,474569	0,523659	0,0195594	0,50061	0,532674	0,519273	0,0272858	0,47442	0,490616	0,497635	0,0317532	0,521706	0,508253	0,502778	0,024623	0,509769	0,520155	0,500355	0,0251016	0,50606	0,50883	0,538781	0,0303051
